rank,uri,artist_names,track_name,source,peak_rank,previous_rank,weeks_on_chart,streams
1,"spotify:track:56kyGGwLIVAR30ZFiASn8Q","Ballinciaga, David Mokel","Dans På Bordet","Virgin Music Label And Artist Services",1,1,16,"887389"
2,"spotify:track:2Ah0Z0ZFAhmfyJAakATMCR","Roc Boyz","Creem","Kiil Records",2,5,13,"684523"
3,"spotify:track:25DxQM0bG7kbj2js8NCO9v","Beathoven, Henrik von Grogg","STAY KEEG","WM Norway",1,2,6,"644086"
4,"spotify:track:2kPukYbkTVuvaNn4HhIPBW","Ballinciaga, Kris Winther","Beklager (Guttaklubben)","Virgin Music Label And Artist Services",2,4,9,"640672"
5,"spotify:track:4Dvkj6JhhA12EX05fT7y2e","Harry Styles","As It Was","Columbia",2,3,9,"615897"
6,"spotify:track:7iKUMPi3CcDLLNF4pU1vND","Olivia Lobato","Syrener","Universal Music AB",5,7,5,"583352"
7,"spotify:track:70KdADbxWK0MAVXj0YvWDi","Roc Boyz, Greekazo","Bonanza (feat. Greekazo)","Virgin Music Label And Artist Services",2,6,10,"559781"
8,"spotify:track:4olmG0sFJ6L0LVI8ssiZFz","vinni","glorie","MER Recordings AS",4,8,25,"544308"
9,"spotify:track:3h2IRgTZrU4hSNCePszT23","UNDERGRUNN","Italia","UG Records",9,12,9,"493124"
10,"spotify:track:1ei3hzQmrgealgRKFxIcWn","Benson Boone","In The Stars","Warner Records",4,10,5,"451865"
11,"spotify:track:1qEmFfgcLObUfQm0j1W2CK","Harry Styles","Late Night Talking","Columbia",9,9,2,"385941"
12,"spotify:track:56oWBEoaWwiyaPLe0PqB0k","Kevin Lauren, Ballinciaga","TANTE","Universal Music AS Distributed Labels",3,11,13,"368952"
13,"spotify:track:2coLAzVouJE4BC8lrKbDLk","Karpe","PAF.no","A & K",1,15,18,"357843"
14,"spotify:track:1PckUlxKqWQs3RlWXVBLw3","Lizzo","About Damn Time","Nice Life/Atlantic",13,14,7,"357207"
15,"spotify:track:1bgKMxPQU7JIZEhNsM1vFs","Alesso, Zara Larsson","Words (feat. Zara Larsson)","10:22PM",15,19,6,"338323"
16,"spotify:track:75FEaRjZTKLhTrFGsfMUXR","Kate Bush","Running Up That Hill (A Deal With God) - 2018 Remaster","Rhino",16,-1,1,"334557"
17,"spotify:track:1R0a2iXumgCiFb7HEZ7gUE","Taylor Swift","Don’t Blame Me","Big Machine Records, LLC",17,46,3,"316487"
18,"spotify:track:1fl1aY5bCIv0cin4a2YadF","Hagle, ZadeKing, Blåsemafian","Høl i potta","Universal Music AS",13,13,2,"312621"
19,"spotify:track:0KQRhak4Irr2CKxgQ9U6ay","Madeline The Person","MEAN!","Warner Records",13,16,5,"308010"
20,"spotify:track:6xb3ooLtkGkl4j1rGPmGKz","Ramón","ok jeg lover","Universal Music AS",1,20,15,"283330"
21,"spotify:track:1QrKkPNEmTyjKF2UsVuBe2","Makosir, William Gamborg","Holder igjen","Virgin Music Label And Artist Services",21,21,2,"268332"
22,"spotify:track:4rU71m6Drus4eG3S4AQu3e","Ballinciaga","Hot Boy Summer (Daydream 2022)","Ballin' Records",17,24,16,"266799"
23,"spotify:track:06JvOZ39sK8D8SqiqfaxDU","Kanye West, XXXTENTACION","True Love","Columbia",23,-1,1,"265983"
24,"spotify:track:3IVkcYvMiqvRKa4ip0E7a8","Ballinciaga, Kevin Lauren","Loud Luxury 2022","Virgin Music Label And Artist Services",3,22,34,"260674"
25,"spotify:track:5W0vXbzlhGs8j0AEFs4P7p","Cezinando","Kokt à la mode","Universal Music AS",25,-1,1,"256432"
26,"spotify:track:50Cf2eYv8zT3v2HAkwhIiL","Subwoolfer","Give That Wolf A Banana","Universal Music AS",5,17,17,"249519"
27,"spotify:track:02MWAaffLxlfxAUY7c5dvx","Glass Animals","Heat Waves","Polydor Records",1,29,80,"247951"
28,"spotify:track:7fYRg3CEbk6rNCuzNzMT06","Calvin Harris, Dua Lipa, Young Thug","Potion (with Dua Lipa & Young Thug)","Columbia",28,-1,1,"244556"
29,"spotify:track:2DB4DdfCFMw1iaR6JaR03a","Camila Cabello, Ed Sheeran","Bam Bam (feat. Ed Sheeran)","Epic",18,39,13,"243244"
30,"spotify:track:4vXBW2z1uXXyMvCkDG6c5Z","Synne Vo","Lykke te","WM Norway",30,-1,1,"243003"
31,"spotify:track:1CKzgcXfVsQwfoWA8Ft048","Ramón","17.mai","Universal Music AS",7,18,5,"242256"
32,"spotify:track:0wHFktze2PHC5jDt3B17DC","Jack Harlow","First Class","Generation Now/Atlantic",7,27,8,"234682"
33,"spotify:track:1zOOl8f7qkjj0AmvlCfLyQ","Alan Walker","The Drum","MER Recordings",24,34,5,"234151"
34,"spotify:track:7jtQIBanIiJOMS6RyCx6jZ","Tom Odell","Another Love","ITNO/Columbia",9,44,68,"225714"
35,"spotify:track:7DwcBgdzqhFJltEaV1XF81","Post Malone, Roddy Ricch","Cooped Up (with Roddy Ricch)","Mercury Records/Republic Records",26,28,3,"221809"
36,"spotify:track:2DgdHcjWmO3qd50RzuBLgZ","Panic! At The Disco","House of Memories","Decaydance/Fueled By Ramen",22,31,7,"220382"
37,"spotify:track:6JIC3hbC28JZKZ8AlAqX8h","Elton John, Dua Lipa, PNAU","Cold Heart - PNAU Remix","EMI",8,40,42,"216517"
38,"spotify:track:03OkFJQvdweiwzZcPPsQ23","Yung Slippy","Lekeland 2022","YungSlippy.Inc",10,33,13,"214850"
39,"spotify:track:6uvh0In7u1Xn4HgxOfAn8O","Harry Styles","Matilda","Columbia",23,23,2,"214527"
40,"spotify:track:6qMf3eqbmToDXj7LixyK1w","Chris Holsten","Slå hjerte, slå","WM Norway",7,52,11,"210673"
41,"spotify:track:6Z165JvPnS8PYvGW8oLGLc","Lauren Spencer-Smith","Flowers","Three Name Productions, Inc./ Island Records & Republic Records",11,37,7,"202298"
42,"spotify:track:1g6pAG1re0AKUO26JJpZJ8","Capow x 2G","31 Etasje","WM Norway",7,41,9,"202198"
43,"spotify:track:0gG0dF1yexUsE8OO7mq8Kn","Sportsalleen, gangCBang","Suksé 2022 (Hjemmesmæck)","Blue Balls Records",18,32,25,"199635"
44,"spotify:track:2XAup2iHm6t3UK4Hsjkkwy","Aiba","Sympati","RCA Records Label",2,53,13,"195361"
45,"spotify:track:63WuQOXohQIxOxIFA2K7bR","Måneskin","SUPERMODEL","Epic",45,45,3,"192323"
46,"spotify:track:2Y7npn076wSZJgH8HVr2B2","Halva Priset, Maria Mena","Den fineste Chevy'n","All In/GG Music",1,55,66,"191610"
47,"spotify:track:2B4GHvToeLTOBB4QLzW3Ni","Farruko","Pepas","Sony Music Latin",19,57,41,"182810"
48,"spotify:track:3i058E8uxTsYqJ5NWZzqSj","Harry Styles","Little Freak","Columbia",26,26,2,"176035"
49,"spotify:track:4RAR8g8fZNB106ezUurnE0","Kygo, DNCE","Dancing Feet (feat. DNCE)","Kygo/RCA Records",8,56,14,"175994"
50,"spotify:track:58HvfVOeJY7lUuCqF0m3ly","Elley Duhé","MIDDLE OF THE NIGHT","Not Fit For Society/RCA Records",22,58,20,"175091"
51,"spotify:track:3uUuGVFu1V7jTQL60S1r8z","Lost Frequencies, Calum Scott","Where Are You Now","Epic Amsterdam",8,63,44,"158029"
52,"spotify:track:2USlegnFJLrVLpoVfPimKB","Gabry Ponte, LUM!X, Prezioso","Thunder","Spinnin' Records",5,61,51,"153097"
53,"spotify:track:5LYMamLv12UPbemOaTPyeV","Harry Styles","Music For a Sushi Restaurant","Columbia",25,25,2,"143207"
54,"spotify:track:0T5iIrXA4p5GsubkhuBIKV","Stephen Sanchez","Until I Found You","Republic Records",54,92,2,"143099"
55,"spotify:track:5PjdY0CKGZdEuoNab3yDmX","The Kid LAROI, Justin Bieber","STAY (with Justin Bieber)","Columbia",1,64,47,"140666"
56,"spotify:track:1UJAtQo720sOej8mfEjck3","Halva Priset","Konge på bøgda","All In/GG Music",33,54,3,"133714"
57,"spotify:track:18asYwWugKjjsihZ0YvRxO","Tiësto, Ava Max","The Motto","Atlantic Records",10,66,30,"133431"
58,"spotify:track:50nfwKoDiSYg8zOCREWAm5","Ed Sheeran","Shivers","Atlantic Records UK",3,68,38,"133323"
59,"spotify:track:5DXKvETa1xppOmd4CDxs9S","Ed Sheeran","One Life","Atlantic Records UK",59,-1,1,"133209"
60,"spotify:track:2FeBslNBMdR9V58uv6hd2t","Kendrick Lamar","N95","pgLang/Top Dawg Entertainment/Aftermath/Interscope Records",20,43,3,"132422"
61,"spotify:track:1beuDJXaekLPtvX1jQe0yx","Kamelen","Creme De La Creme","KingPin Records",33,65,58,"131224"
62,"spotify:track:1r8ZCjfrQxoy2wVaBUbpwg","The Kid LAROI","Thousand Miles","Columbia",12,60,6,"129755"
63,"spotify:track:6NSkEJkizMph9GJSqjNhFW","Chris Holsten","Smilet i ditt eget speil","WM Norway",5,70,64,"128410"
64,"spotify:track:51Zw1cKDgkad0CXv23HCMU","Harry Styles","Daylight","Columbia",38,38,2,"127713"
65,"spotify:track:0rzaRSujxA0bKyjJl6vHYq","Harry Styles","Satellite","Columbia",35,35,2,"121827"
66,"spotify:track:697bFWgzBRm6bmnYWd8GyD","Cornelia Jakobs","Hold Me Closer","WM Sweden",21,47,4,"121722"
67,"spotify:track:3rmo8F54jFF8OgYsqTxm5d","Ed Sheeran","Bad Habits","Atlantic Records UK",1,72,49,"121500"
68,"spotify:track:135Lf4Q0CzlMNfOxbEUsLH","Benson Boone","GHOST TOWN","Night Street Records, Inc./Warner Records Inc.",1,73,33,"119418"
69,"spotify:track:0sb8ClU3CLoNblxkpmOKzA","Ava Max","Maybe You’re The Problem","Atlantic Records",33,67,5,"119137"
70,"spotify:track:7ef4DlsgrMEH11cDZd32M6","Calvin Harris, Dua Lipa","One Kiss (with Dua Lipa)","Sony Music UK",7,-1,34,"117807"
71,"spotify:track:6xzy1alMqDpN6Zo70eVzQh","Cezinando","De miserable","Universal Music AS",71,-1,1,"117796"
72,"spotify:track:3nhGk6VnrDHy67pXvMhdPa","Sam Ryder","SPACE MAN","Parlophone UK",41,50,3,"117184"
73,"spotify:track:5vkNNLnO28ZGA2QryYpXZU","Vidar Villa, Halva Priset","Den Samme Jævla Sangen","Universal Music AS",15,71,9,"116199"
74,"spotify:track:44lxrAkA7YqDynu96QPCfW","Cezinando","Baby boss","Universal Music AS",74,-1,1,"116116"
75,"spotify:track:3RhyHYnYxuGnP8njFlNxHq","Tate McRae","don't come back","RCA Records Label",75,-1,1,"116038"
76,"spotify:track:1mw0RgNXIpYRyyCdBQbLgA","Harry Styles","Love Of My Life","Columbia",42,42,2,"115299"
77,"spotify:track:1MpCvOlkM8VbH50AL7mAUm","Hagle, Staysman","Bøgda","Universal Music AS",6,74,63,"115113"
78,"spotify:track:3w03UCzYa9dsykfl0Ag3Jh","Sebastian Zalo","Lykkelig uten meg","Universal Music AS",38,62,4,"114697"
79,"spotify:track:46IZ0fSY2mpAiktS3KOqds","Adele","Easy On Me","Columbia",1,76,33,"112430"
80,"spotify:track:66VDSp4xuQElxDVxaapiVG","Beathoven, DJ Black, Jaannybravo, Solguden","Back To Reality 2021 (feat. Solguden)","WM Norway",46,75,20,"110486"
81,"spotify:track:1oKXshzJtz3zDA6dJY8VlZ","Emma Steinbakken","Jeg glemmer deg aldri (fra Rådebank)","Epic Local",1,79,68,"109185"
82,"spotify:track:1GGk3Q73VX2eBLQ2Yp5Kr2","Martine Lunde, Norges Nye Megahit","Fuckboy","All In/GG Music",3,77,26,"107854"
83,"spotify:track:3nG8AgNEqt9icT5unQBl1a","UNDERGRUNN","Peroni & Perignon","UG Records",77,101,11,"107809"
84,"spotify:track:1HhNoOuqm1a5MXYEgAFl8o","Imagine Dragons, JID, Arcane, League of Legends","Enemy (with JID) - from the series Arcane League of Legends","KIDinaKORNER/Interscope Records",5,78,31,"107588"
85,"spotify:track:5vtRUF1yqzWWwZe5rN901j","Karpe","IBOPROFEN","A & K",2,80,18,"106375"
86,"spotify:track:6qj02zSeEJGWZ4c0dn5QzJ","Harry Styles","Boyfriends","Columbia",30,30,2,"105167"
87,"spotify:track:4j6kId9QIqhoXvqHKgSKa0","Harry Styles","Grapejuice","Columbia",36,36,2,"104235"
88,"spotify:track:2LDCsm2XTRKJCfPaTDVVlg","UNDERGRUNN","Medisin","UG Records",85,103,8,"100717"
89,"spotify:track:1W7WTGXs3mQgvSDKZl67EO","William, MGPjr","Tusen tanker","Touchdown Music",89,-1,1,"99554"
90,"spotify:track:0e8nrvls4Qqv5Rfa2UhqmO","Lil Nas X","THATS WHAT I WANT","Columbia",5,88,37,"99396"
91,"spotify:track:4fouWK6XVHhzl78KzQ1UjL","GAYLE","abcdefu","Atlantic/Arthouse Records",1,83,31,"99344"
92,"spotify:track:7fZBQnc0zXwVybgCIrQQil","Imanbek, BYOR","Belly Dancer","Musical Freedom",92,144,2,"99179"
93,"spotify:track:2nIgV90BbhZqq3RXazLV1w","Kris Winther, LamboLaz, SuperJonny, Lil Holmie, Rapposaurus Rex","Barock 2021 (Nesbrurussen)","FLAME",17,82,55,"97594"
94,"spotify:track:4ZtFanR9U6ndgddUvNcjcG","Olivia Rodrigo","good 4 u","Olivia Rodrigo PS",1,91,55,"97248"
95,"spotify:track:04rjxIPsEtpM8Yj9UPy6Tt","J-Dawg, Lille Saus","Disco Demolition 2018 (Stabekk Anthem)","J-Dawg",10,85,128,"97206"
96,"spotify:track:0no8IGPzsUYcOCg66eGeAX","Matoma, JP Cooper","Midnight Sun","Matoma",96,-1,1,"97163"
97,"spotify:track:03qh7qUB2zEPVWUc9isLCW","Alexa Cappelli","Could've Just Left Me Alone","Arista Records",97,-1,1,"96930"
98,"spotify:track:49LvD3xCNUitKp7ex86B3P","Karpe","KENYA - Live from DY Patil Stadium, Mumbai","A & K",3,89,18,"96524"
99,"spotify:track:4qkchijBTUVzbQt9jbPv9k","Kris Winther, SuperJonny, Rapposaurus Rex, LamboLaz","Blitzkrieg 2022 - Drammen","Winther Records",55,84,29,"94448"
100,"spotify:track:2vHzOWRKYPLu8umRPIFuOq","KALUSH","Stefania (Kalush Orchestra)","Columbia Local",19,51,3,"93988"
101,"spotify:track:35TyJIMR3xRouUuo2sjS6v","Harry Styles","Cinema","Columbia",48,48,2,"92657"
102,"spotify:track:69w5X6uTrOaWM32IetSzvO","Harry Styles","Daydreaming","Columbia",49,49,2,"92544"
103,"spotify:track:2yx3W98N7XWMCH6Q2CdbYn","Gunslingers","Bygdaslaur","Musikk og Underholdning AS",103,-1,1,"92499"
104,"spotify:track:1KKqiE7UtShqsjZwYvWpm8","Hagle","Ærbeskær","Universal Music AS",8,94,57,"91928"
105,"spotify:track:3EzeIilO4QWtrGRqG9TVqB","Mr Melk","Fredag - Digg å være norsk","RCA Records Label",13,81,11,"91728"
106,"spotify:track:0S1czUi29BRmzhNHO84EHf","Halva Priset","Kompis","All In/GG Music",9,93,18,"91721"
107,"spotify:track:6JXoGGSRDxGYPZwOTA13jc","Cezinando","Adjø, farvel","Universal Music AS",107,-1,1,"91577"
108,"spotify:track:5VgttQMiU6fOHxUwmJZ5QQ","Hagle, Den BB","Rullær","Universal Music AS",10,97,31,"91145"
109,"spotify:track:0PjGxOaBFjQfesMeT5HbAw","Kudos, Madcum","Klask 2022 (Hjemmesnekk)","KudosMusic",32,87,28,"91120"
110,"spotify:track:3yMC1KsTwh0ceXdIe4QQAQ","Lauren Spencer-Smith","Fingers Crossed","Three Name Productions, Inc./ Island Records & Republic Records",1,96,22,"91101"
111,"spotify:track:5Z9KJZvQzH6PFmb8SNkxuk","Lil Nas X, Jack Harlow","INDUSTRY BABY (feat. Jack Harlow)","Columbia",3,100,45,"90653"
112,"spotify:track:0dYIw6tvRSscoGrBzXBZa2","Cir.Cuz","Denne Sommer´n","Tylden",81,109,5,"89368"
113,"spotify:track:6hCGVqheUBzymvfA7IB4Y9","Dagny","Somebody","Little Daggers Records",8,111,107,"89007"
114,"spotify:track:0VjIjW4GlUZAMYd2vXMi3b","The Weeknd","Blinding Lights","Republic Records",1,107,131,"87831"
115,"spotify:track:2J2Z1SkXYghSajLibnQHOa","Sia","Unstoppable","Monkey Puzzle Records/RCA Records",74,108,34,"87277"
116,"spotify:track:7l9IqDtVWJurTvkQHq1BGh","Tate McRae","she's all i wanna be","RCA Records Label",8,127,17,"86734"
117,"spotify:track:2eAvDnpXP5W0cVtiI0PUxV","Ruth B.","Dandelions","Columbia",79,112,36,"86363"
118,"spotify:track:6gI9b2VsoWhjhIuIeToDVs","Kendrick Lamar, Blxst, Amanda Reifer","Die Hard","pgLang/Top Dawg Entertainment/Aftermath/Interscope Records",30,69,3,"86155"
119,"spotify:track:4sNG6zQBmtq7M8aeeKJRMQ","Declan McKenna","Brazil","Columbia",119,-1,1,"86127"
120,"spotify:track:6Qyc6fS4DsZjB2mRW9DsQs","The Goo Goo Dolls","Iris","Warner Records",120,139,2,"85833"
121,"spotify:track:1kwHrBWAlucOE57lWugotk","Felix Jaehn, Zoe Wees","Do It Better (feat. Zoe Wees)","Virgin",121,-1,1,"85475"
122,"spotify:track:03A6SBlg1C7T8UMjBSz4Zn","Hjorterud Allé","Hjorterud Allé","Hjorterud Allé",39,90,8,"85448"
123,"spotify:track:0H8Tclo4x4kbZruQtZFNSX","NEIKED, Anne-Marie, Latto","I Just Called","Atlantic Records UK",123,-1,1,"84570"
124,"spotify:track:4SS4YfDAEQG0fZAe1xfgn3","Victor Leksell","Svag","Columbia",1,117,122,"84274"
125,"spotify:track:1yHGoNVtlz20xq2ny8QpxP","Hagle","Felleskjøpet-dress","Universal Music AS",25,99,6,"84028"
126,"spotify:track:7yRrAsBprcsSDtiENWVQds","Stavangerkameratene","Bare så du vett det","daWorks Records",79,116,257,"83278"
127,"spotify:track:5WCksBebNJWqdsDQnHHf71","Donzo x Mitchi","Club Banger","Donzo x Mitchi",127,-1,1,"82953"
128,"spotify:track:2KnLkZ3z7PO3kgVGHGqDpD","Shawn Mendes","It'll Be Okay","Shawn Mendes LP4-5 PS/ Island",5,104,26,"82735"
129,"spotify:track:6I3mqTwhRpn34SLVafSH7G","Justin Bieber","Ghost","RBMG/Def Jam",56,121,40,"82404"
130,"spotify:track:2NcQic8JxdjAlAHuNbOIRE","Harry Styles","Keep Driving","Columbia",59,59,2,"82400"
131,"spotify:track:6UD2XLi8LXeyzVYEZFwQ41","Jørgen Dahl Moe","Swim Good","Universal Music AS",106,136,3,"82381"
132,"spotify:track:0hquQWY3xvYqN4qtiquniF","Doja Cat","Vegas (From the Original Motion Picture Soundtrack ELVIS)","Kemosabe Records/RCA Records",74,159,4,"82095"
133,"spotify:track:62MosvjGMQY3HeGPFEsmM1","Tove Lo","No One Dies From Love","Pretty Swede Records / Distributed by mtheory",50,105,4,"82014"
134,"spotify:track:1c2hJSwcCfoPEw1su83Sw0","Lady Gaga","Hold My Hand","Interscope Records",87,-1,2,"81940"
135,"spotify:track:0VO8gYVDSwM1Qdd2GsMoYK","Swedish House Mafia, The Weeknd","Moth To A Flame (with The Weeknd)","Republic Records",6,123,32,"81485"
136,"spotify:track:5M0gziuzBmYit7vVhWqnVi","Chris Holsten","Bare når det regner","WM Norway",9,124,50,"80404"
137,"spotify:track:68Dni7IE4VyPkTOH9mRWHr","J. Cole","No Role Modelz","Roc Nation Records LLC",121,125,81,"80295"
138,"spotify:track:3xuyh4bAIuN0oIWPMqoXog","Nicolay Ramm","BlimE! – Dynamitt","Chinpoko Records",12,122,42,"79802"
139,"spotify:track:3wmYjsL9HmD51XWP5A0mzK","Dutty Dior, Chirag","farger","SDKT Entertainment AS",135,135,2,"79337"
140,"spotify:track:5Ifbn4RrryLrFOaYtRDo37","Marcus & Martinus","When All The Lights Go Out","Universal Music AB",140,-1,1,"79235"
141,"spotify:track:6UelLqGlWMcVH1E5c4H7lY","Harry Styles","Watermelon Sugar","Columbia",6,118,100,"79201"
142,"spotify:track:7cwLMNDg8c9D7q2ov1cpVJ","P-Tee, 1Flacko","Chiquita","P-Tee",66,156,24,"79051"
143,"spotify:track:5Cgz4E8CRPSy6IildNMasm","Chris Abolade","Et brev","WM Norway",143,-1,1,"78859"
144,"spotify:track:4rLjr3CSAAhu6ca91FMf1J","Cezinando","Verdens smarteste person","Universal Music AS",144,-1,1,"78105"
145,"spotify:track:4bt7eqP7mfWduRBKEpCAzM","Tate McRae","chaotic","RCA Records Label",17,137,10,"78080"
146,"spotify:track:7z5G2LOdV8okZn4yWg3q5g","A1 x J1, Tion Wayne","Night Away (Dance) (feat. Tion Wayne)","EMI",15,119,13,"77924"
147,"spotify:track:2vaxUyVWNoA2L272YHEy70","Zara Larsson","Lay All Your Love On Me - Spotify Singles","Epic/Record Company TEN",147,-1,1,"77801"
148,"spotify:track:7dDrR6vMK1JAwZZ5MIWgme","Dylan Conrique","Birthday Cake","KYN Entertainment",19,110,12,"77735"
149,"spotify:track:7qEHsqek33rTcFNT9PFqLf","Lewis Capaldi","Someone You Loved","Vertigo Berlin",3,140,183,"76992"
150,"spotify:track:4h4QlmocP3IuwYEj2j14p8","Nicky Youre, dazy","Sunroof","Thirty Knots/Columbia",150,180,3,"76875"
151,"spotify:track:23IfaTlFcjfs7PZKyXLdjb","Jørgen Dahl Moe","Dancing In The Dark - Live","Universal Music AS",16,-1,9,"75913"
152,"spotify:track:4wGFTaengFG4o6nYZAK1Xg","A36","Samma gamla vanliga","WM Sweden",3,130,52,"75893"
153,"spotify:track:5d1077WXgxjHCYa337LHHv","Sigrid, Bring Me The Horizon","Bad Life","Universal-Island Records Ltd.",28,106,6,"75276"
154,"spotify:track:3hRV0jL3vUpRrcy398teAU","Lord Huron","The Night We Met","IAMSOUND",37,148,146,"75006"
155,"spotify:track:0qENnd09cVn6eNlMZpPIWZ","YouNotUs","I Swear","Guesstimate",145,145,6,"74996"
156,"spotify:track:3GZD6HmiNUhxXYf8Gch723","Frank Ocean","Lost","Red Zone Entertainment / IDJ",35,142,20,"74922"
157,"spotify:track:0A44yfrrP231Uc47GDlwvC","vinni","tinnsoldater","MER Recordings AS",54,131,6,"74857"
158,"spotify:track:6Uj1ctrBOjOas8xZXGqKk4","Doja Cat","Woman","Kemosabe Records/RCA Records",17,147,44,"74798"
159,"spotify:track:6Xa36bTWPOC9ju4dQHguci","UNDERGRUNN","Tipp Topp","UG Records",65,-1,6,"74563"
160,"spotify:track:7lQ8MOhq6IN2w8EYcFNSUk","Eminem","Without Me","Aftermath",95,158,21,"73884"
161,"spotify:track:7y2Zz2AytRttQLdCjwRQ15","Staysman, Halva Priset","Hytta Mi","RCA Records Label",15,132,14,"73419"
162,"spotify:track:6JYd07wViPEocd5V4fchXJ","Problembarn, Iron Mæn, Roc Meiniac, PASTILLE","Gelato 2022","Beros",138,138,3,"73098"
163,"spotify:track:1SOClUWhOi8vHZYMz3GluK","Jaymes Young","Infinity","Atlantic Records",15,152,31,"73091"
164,"spotify:track:4uqnhBqky56oOUuT2LmTyj","Roc Boyz","What up World","Kiil Records",144,157,7,"71949"
165,"spotify:track:5wANPM4fQCJwkGd4rN57mH","Olivia Rodrigo","drivers license","Olivia Rodrigo PS",1,162,72,"71843"
166,"spotify:track:6KYDEP132TspYEaEvobbuQ","Hagle","Ærmen i kærmen","Universal Music AS",12,146,68,"71705"
167,"spotify:track:3NQDZSM47zCMao3GFkcqaV","Hellbillies","Den finast eg veit","WM Norway",101,154,218,"71339"
168,"spotify:track:4F3AZKEJubvPsl0hBArVBW","The Beatnuts, Method Man","Se Acabo (feat. Method Man) - Remix","Legacy Recordings",168,182,2,"71332"
169,"spotify:track:5M2y8QdDepGYMsWyxhoxQU","Veronica Maggio","Jag kommer","Universal Music AB",136,150,8,"71235"
170,"spotify:track:6mVs7u8G3mZz2aEkUiOdh4","TIX","Hvis Jeg Forlot Verden","Universal Music AS",2,133,16,"71045"
171,"spotify:track:2a1o6ZejUi8U3wzzOtCOYw","Don Omar, Lucenzo","Danza Kuduro","UMLE - Machete",160,178,9,"70890"
172,"spotify:track:5QO79kh1waicV47BqGRL3g","The Weeknd","Save Your Tears","Republic Records",4,153,76,"70735"
173,"spotify:track:4e64oQwdgwUUADrC26DCdI","Sigrid","A Driver Saved My Night","Universal-Island Records Ltd.",44,129,4,"70001"
174,"spotify:track:4h9wh7iOZ0GGn8QVp4RAOB","OneRepublic","I Ain't Worried","Interscope Records",154,-1,2,"69959"
175,"spotify:track:04k0QThdHEp7kg3FpXVh0Q","El Papi","Sju Fjell","Universal Music AS Distributed Labels",3,143,68,"69957"
176,"spotify:track:0Gf6mZ2kMJCDVHm2afcpfl","Gabrielle","Ring meg","Universal Music AS",176,-1,2,"69648"
177,"spotify:track:2HR7AHSPSkN7Kke0yQunSA","Ballinciaga","Glemmer Alt (Ballin 2022)","Ballin' Records",73,134,4,"69623"
178,"spotify:track:2dYVd1XYQNwIwlLvdunYWs","Roc Boyz, Ballinciaga","Katzenjammer Kids","Kiil Records",90,141,10,"68830"
179,"spotify:track:00ElYia9fR4f5mKVq7DGOW","Delara","Nå er det oss","GR:OW Records",52,163,16,"68641"
180,"spotify:track:77CbBhyQwjWgF5EWT76cPY","Karpe","SALMALAKS","A & K",4,172,18,"68579"
181,"spotify:track:2K7xn816oNHJZ0aVqdQsha","The Neighbourhood","Softcore","Columbia",26,155,22,"68562"
182,"spotify:track:5b6enCVP67LsqqrfTs6rxr","Mimi Webb","Goodbye","Epic",182,-1,1,"68553"
183,"spotify:track:5rEaYtInGYL1g7nfIqPYE0","Kløbbman, Feedbæck, Flöber","DUNK DUNK DUNK","Fristil Records",183,-1,1,"68474"
184,"spotify:track:59CfNbkERJ3NoTXDvoURjj","Dove Cameron","Boyfriend","Disruptor Records/Columbia",10,170,16,"68303"
185,"spotify:track:0UQvSOE0CgQ1gIHSfo73RS","Soppgirobygget","Afterski","Virgin Music Label And Artist Services",3,160,65,"68100"
186,"spotify:track:2VxeLyX666F8uXCJ0dZF8B","Lady Gaga, Bradley Cooper","Shallow","A Star is Born OST",2,167,185,"67997"
187,"spotify:track:5nujrmhLynf4yMoMtj8AQF","Dua Lipa, DaBaby","Levitating (feat. DaBaby)","Warner Records",11,198,85,"67966"
188,"spotify:track:7yq4Qj7cqayVTp3FF9CWbm","Vance Joy","Riptide","Atlantic Records",133,186,59,"67928"
189,"spotify:track:1WCEAGGRD066z2Q89ObXTq","David Guetta, Becky Hill, Ella Henderson","Crazy What Love Can Do","Parlophone UK",48,161,7,"67601"
190,"spotify:track:6kYGOFNUMxpab09L5Ukoke","Kendrick Lamar","Rich Spirit","pgLang/Top Dawg Entertainment/Aftermath/Interscope Records",50,98,3,"67408"
191,"spotify:track:5TyFg2tdUPtBVKm7ZRevGk","Helene Olafsen, Norges Nye Megahit","Ludvig Daae","All In/GG Music",1,165,28,"66945"
192,"spotify:track:3eJH2nAjvNXdmPfBkALiPZ","Jason Derulo","Acapulco","Atlantic Records",39,166,39,"66916"
193,"spotify:track:0ARPFpJeBfsRmwrrzdvrls","Rotlaus","Rundt neste sving","Tylden",80,168,223,"66903"
194,"spotify:track:6feiJqgHqeSvkGUzf11AYs","Becky Hill, David Guetta","Remember (and David Guetta)","Polydor Records",35,192,47,"66803"
195,"spotify:track:2gbRKKSyW7e7vAkyvrJkte","Jessie Murph","Pray","Columbia",9,176,14,"66766"
196,"spotify:track:2QjOHCTQ1Jl3zawyYOpxh6","The Neighbourhood","Sweater Weather","Columbia",95,189,57,"66428"
197,"spotify:track:0UKUfxIkDAMZz7hMdiVX3m","P!nk, Willow Sage Hart","Cover Me In Sunshine","RCA Records Label",4,191,59,"66180"
198,"spotify:track:62ke5zFUJN6RvtXZgVH0F8","Paloma Faith","Only Love Can Hurt Like This","RCA Records Label",56,-1,13,"66086"
199,"spotify:track:1DIXPcTDzTj8ZMHt3PDt8p","Coolio, L.V.","Gangsta's Paradise","Tommy Boy Music, LLC",121,-1,12,"65979"
200,"spotify:track:6EbVuwU7EnKeF2hdpViXCH","Sleepy Hallow, 347aidan","Die Young (feat. 347aidan)","Winners Circle/RCA Records",200,-1,1,"65651"
